Target Sentence,Corrected Sentence
"Unfortunately , the music was a bit too loud for my taste .",was contrast to the cinema to visit this city .
"She is very brave , it does n't matter how difficult the problem is , the most important thing is to carry on .",people hence very good . Why does it even do not have
Television provides a variety of educational channels as well .,need a large level of nature . This film allows us .
Cohen 's knowledge is that playing the lottery is not automatically irrational .,"is obviously cheaper . for decades ,"
"Let me know your opinion whenever you are ready ,",if you have to know that your book is a nice way
"When I was in Bali , I had a great night that I will always remember .",most was very old for Michael is one of time since Michael
It is suitable for 68976 people .,people like interesting places .
"All my yoga lessons and massage sessions are conducted in line with the Correct Approach to Spine ( CAS ) method , so they are very safe and based on scientific theory .","All books routine my country is safer , such as the French"
All the best,All the sea benefit .
I was part of the team !,I was the most happy person .
All this to be in your perfect healthy body .,All this experience is good to go to the nearest audience .
"Not only can foreign languages become a huge advantage to me , they can also bring me satisfaction and gratification .",satisfying is such a lot of people who want to move fast
I 'm a hard - working person and I like children .,English English and I like to go to a university .
"I am very lucky because not far from my home there are three parks , so I can practise this sport whenever I want .",I am not very happy at all of the beginning . I
"Although the heat in the kitchen can burn us , the smile on the customers ' faces gives us the best courage .",still warm in the UK faster Italian hospital in our environment .
I live in a small city in the middle of Vietnam .,I live in the big city in the sea .
The arena could hold about 70000 seats and the arena was about 75 x 46 meters and about 50 meters high .,"The student who asked me because of their friends , always"
from,armed THE BEST Jack After growing
I got cold feet . I could n't understand what was happening .,I got out of the first .
"Despite this , travelling by public transport can be a better option in so many cases .","kinds of public transport is becoming more convenient for this , we"
Hi Jenny,rapid gap not Since for her job is blue eyes .
"Without a doubt , this valuable experience let me know the importance of taking responsibility for my own learning .","a formidable thriller service is that with this sport , to make"
I 'll write soon !,I send me .
I agree with this point .,I recommend you my experience .
Her parents and her sister are still looking for her .,and he had curious out !
"In the following days , we mostly had bread and sandwiches for our meals .",the world we can stop four things that have a flat .
Everyone will love the appetizers and main courses served there .,and the best experience has been good .
"In addition to that , I love children and I usually look after four children , aged from seven to eleven , every Saturday .","I am terrified and hoped this help was a delicious church ,"
"Cars are handy and driving can be pleasant , but only when the driver is in a good mood , with no traffic jams or craters on the road ( really common situations in Brazil ) .",buses keep their own cars instead People and not being careful if
I knew it was the beginning of a great friendship .,I was a good idea of the world .
"Although Brazilians have a shorter personal space in comparison with the United States , they are not tolerant of strangers invading it .",Although our mobile numbers projects have taken the different tape which consists
"Once upon a time , there was a mason called Nick who had a family of four , two sons and his wife , but they had conflicts about their children 's studies , and because the money he earned was not enough to maintain the whole family they lived in poverty .",Once again Today a few kilometers we become a problem because we
"So , this is the advice that I would give them .","though , I would be good too , like the chef ."
"When I went back , a policeman asked him not to smoke , so he was angry for the whole flight .","we arrived , sitting Michael to visit a family , he will"
"Dear friend ,",of badminton long began to
"Joey is ... well , he 's Joey : not so clever , a great one for the girls , and -the most important- Chandler 's best friend .","Cáceres is quite quite quite a few fact that , you improve"
Britain alone escaped almost unscathed from these years of unrest .,over an almost vehicle over time about the city
This job in Development would enable me to transfer my learned proficiency into practice in your company .,though will try to share them I am working with your own
There 's a pleasant historical centre and a monumental castle located on the big rock .,the products above that be thankful for a private physical class
Thank you so much !,so much soon .
I hope your arrival was successful and you have been enjoying our town .,I pay constantly walking across Madrid friends from a job .
"On the one hand , you put all your things in the car and drive anywhere you want to . On the other hand , if you feel not well enough to drive , you have no money to buy a car , or the downtown of your city is closed to all means of transport except for public ones , the tram , bus or trolleybus is your way out .",On the one hand you not know other cities crowded using buses
Topic : A Horrible Nightmare,kimono to work .
"Two hours later , they were in the emergency room of Cáceres Hospital and the doctors were treating Jon ' s leg .","later , ago in another method we had the keys ."
Every Monday there is a street market in the central square .,ago there was the same way and it is a vital role
"What is more , parents always consider their child the best .","is more important , you have to pay more and ."
I think the best teacher is a person who has professional knowledge and good teaching skills .,I think the English course named teachers have start to improve this
"Once upon a time , a boy was six years old .","Once a consequence of his opinion , he had a little bit"
We have a lot of nice old towns .,We have a lot of a very nice team .
Another option :,users was really chicken
We all walk down the same path because this is how it is meant to be .,"seems that stop that , family members can use these places ."
"Another key factor was the coach , who knew how to convey the skills and techniques to children .",man is using the old foods from the local restaurant and people
"Unfortunately , Agatha ca n't find sufficient clues to identify the guilty party .","Unfortunately , they were trying to choose some aspects of"
"First of all , I want to sincerely thank you for the opportunity to provide quick ways to begin saving environmental resources .",First of you have all these jobs for young people and it
The door opened .,the sales slightly increased .
Some experience this very easily and often .,hockey is very expensive and you have become great .
"In my opinion , the biggest problem with buses is that they are becoming very degraded and in desperate need of repair .","the first reason today is the best choice of the goofy ,"
"The internet has caused me depression once . I felt really alone and I used to be someone who I was n't in real life , but I learned how to deal with it .","The old movies have really fun , I have to ask their"
""" I ca n't . """,""" I really watched it ."
"Response : I am seeking a salary in the € 40000 range , plus benefits .",I am seeking to other people who I live and a flat
"So , transportation is one of the most important issues facing mankind , because it is related to interaction between people , like trade and many other purposes .","nowadays women have the most important element of education , who are"
"Prior to the automobile , is the horse and wagon life , it was not feasible for people to live far from their place of work .","way is expensive , today is the best way to make a"
"The problem is that a person has to carry his coat in one hand with his other purchases , which is not so easy .",man turned that place and a perfect place for young people from
"I recently joined a campaign program in Manila , Philippines , dedicated to protecting and preserving our natural resources .",I placed working with enormous reflectors Edison .
It 's the fastest and most comfortable way to get to your favourite destination .,"saving place more languages , music or not have a private life"
"We stayed there for 4 days and we visited Taormina , Siracusa , Agrigento , Marsala and a small part of Trapani .",We visited Siracusa we go to the first time for a modern
"In my case , this role is played by them .",my opinion is great valuable to transport .
"But my new friends from this group were very polite and we worked together , so it was much easier than I thought at first .","basketball man my cousin , only when children aged for work and"
"Design is the first stage , which includes three parts : background , artwork and security issues .","is Taiwan disagreements , the working and professional players who teach their"
"On the weekend , I wake up at 6:15am , but I get up at 7 am . I still study French with Mrs Alexa as usual . Saturday afternoon I hang out with my boyfriend . We go to the cinema or the coffee shop .",France school operating were crowded free night when you get a teenager
The floor is also a problem .,the only one is movement .
"I like a lot of activities , such as travelling , reading , playing soccer and watching movies .",I like a lot of activities for a sport that has a
The first item in my collection was an ABC book .,"in "" , was about his sister ."
"One night , Paxton was speaking with them about the crown that had spoken with an old man ( Bob Cartes ) and said to him to about the family Agers who protected the crown .",was of trying to talk pm and sharing the information and tells
Every day I take public transport .,Every day there is very much . I think it has .
That is one of my favorite sports .,"music is very important for me , but I discovered him ."
"As an international learner , I embraced these changes in my learning strategies , primarily because these new learning strategies of academic style are important for my future course .","considering the country for its range of education , I have an"
"Additionally , terrible wars will break out if one group of magic possessors get greedy and try to take away other people 's powers .","with fourteen days for hour , we can just have to put"
"Also , the absence of magic would alter the overall plot .",the lecture It itself has found something true .
Where should we meet ?,we should get a lot .
Michael was surprised .,Michael was very surprised to die .
"However , my grammar is not that bad .","However , my opinion is that not be on negative weather ."
"One thing that I 've learned in my life is that you should never take a break from your everyday routine unless you really need to , due to fatigue or for some other physical or psychological reason , otherwise you will be , I repeat , just wasting time , time that you could be spending in a useful way , by getting something done , or improving yourself academically , intellectually or doing whatever you think can enrich your life .",if you strange celebrities emotions the range of people easier to spend
"Just by reading this , you can imagine this fairy king chanting a spell on a purple flower called ' love in idleness ' and you can understand Cupid ( the Greek god of love ) had blessed this flower with his archery , giving you an understanding that this is a love potion .",man this person plan to enjoy this kind for her work to
"Your key takeaway # 3 was shocking for me , the feeling of being a nuisance is dreadful .",who had still pretty because they had an expert ' Does .
"I would describe myself as a sociable , responsible , trustworthy and hardworking person who likes working with children .",I disagree with this kind of English s class ' England and
It was a trip I 'll never forget .,Sarah was so happy to see .
I think you will like it just like me .,I would not enjoy to do people to travel .
There are good points but a lot of work must be done to achieve the eco - friendly title .,"people have good debaters , because it gives a special hands will"
"Finally , I think that the most used mode of transport in the cities in the future will be the bus , metro and bike , and for travelling between cities , the car will remain the most used .",At the future of the public transport that we still is the
"The film I 'd like to talk about is "" Secret Life of Walter Mitty "" .","The film is about a sport that year , because its name"
We can still see many ancient structures which show the main trend of architecture at that time .,teenagers also used consumption with a lot of places in some countries
"I am also a very creative person , so I will not have any problems with organising activities and competitions for children . I am a reliable person and I can work under pressure .","I recommend climbing . "" is quite simple . , I also"
I hope that you will take advantage of my proposal .,I hope that you will not have enough time .
"From Red Square , you can easily see the Moscow Kremlin , St. Basil 's Cathedral , the State Historical Museum and Gum Department Store .",Adam Tower council listen to bullying both and demonstrate their different background
The town has approximately 15 villages and all of them are governed by the urban council .,The media of the media became very well known as a few
"It was a hot , sunny day . Peter decided to go to the waterfront promenade and have a walk .",boy had just a walk to the house and we saw the
"In addition , my academic education also stands out in my student life .",believe that a lot of work shops where you are very expensive
"So , according to my personal experiences , I think that children can benefit from keeping a pet .","group , when studying is good for people who can learn how"
"And more , I have an opportunity to meet new people .","And now , for you , having a lot of fun activities"
"Secondly , the infrastructure in the big cities is not sufficient for all the cars .","the everyday cars therefore because the means usually travel cost , too"
We already passed your comments about the format on to our chief lawyer and hope he can approve the necessary adjustments .,"We got married , they never put a hangover and Louis just"
Take care and goodbye ! ! !,""" ! Maybe it is !"
The most important factor in environmental improvement is the lack of the required knowledge among the local people .,"most famous cities such the advantages of travelling , and there are"
Public transport is a bit uncomfortable .,public transport is fantastic of us .
The article and the lecture are about the attitude towards conducting medical experiments on animals .,"environmental impact , the art gallery were almost China , under the"
Public transport can connect people .,public transport allows bus drivers .
As returning to studying may be difficult .,Zaragoza might start by saying that it is cheaper !
The second problem could be from peers ' stresses .,Granada could be outlined in the fact that countries get around the
"Then , she realized that four indistinct strangers were staring at her , standing just beside the bed .","she took intense , she thought of his bed and made her"
In your article you write about an education center with assistance for new franchisees .,"find from Germany , I would have a job ."
"Finally , I like playing soccer because , like me , most of my friends play soccer a lot every day and that makes me love it so much .","soccer do skiing like Spain playing basketball is quite quiet , but"
Some advantages are given in the following passage .,Some people argue that there was a decrease .
In approximately 1998 we can notice an equilibrium price at $ 2.75 and an equilibrium quantity at 23 billion packs .,visiting museums a city clean and moving around the use of the
Thank you for your kind consideration .,Thank you for your response to health .
"I agree with that only in part , because in my opinion there are some more reasons .",I agree with the way to travel by car because of this
Washing you enjoy it .,basketball even makes it .
Even the way of studying has changed .,has been known for a package .
"If you want to try , you can ask in some hotel : you are a native English speaker and you could welcome guests at the reception .","you need to spend time with time with you , you can"
Who can afford a house ?,who said to teach them a very long rate from being suppress
The days are getting longer but nights are getting shorter and lighter .,we are crowded and getting around years and they travel around the
I think it should be easy for me to help in the kitchens because I can cook very well .,I think how to play a good part for this job .
"Obviously , because in every story , book or movie , although heroes are weaker than bad characters , they always win !","like every old clothes , living in ' "" sources of his"
"When I was ten years old , I really liked to play football very much . I joined a football team which is near to my home . I prefer this team because my family is not rich , they can not provide for my transportation fees to go to do exercise at a stadium .",soccer is actually old favorite sport when I live in a restaurant
"According to my experience , if we do n't exaggerate the way we use technology like the internet , phone , satellite .","the way to me the school , you are very aware ,"
The survey was carried out by means of a questionnaire given to the male and female students to complete .,"Granada uses the film , Valencia , is a two of professionals"
"Nowadays , young people are influenced by the western culture , so they are getting more fashion - conscious . Youngsters are interested in wearing different stylish and colorful clothes . They are happy about wearing different color clothes . They do n't want to wear our traditional dress , such as sari , dhoti , choli and many more . They only like to wear shirts , pants , skirts , t - shirts and many more . Youngsters are influenced by watching different programmes on television .",industrial industrial including media centre human use different numbers number of people
I go to the garage to get my motorbike .,you go to the beach and take the amount of .
We do essential purchasing of players to save more money .,they should eat our life without a private vehicle .
Dear Sir / Madam,"IT Modern lips , Tom mindlessly chased Jerry ."
"Personally , I believe that those who do not participate in any activities should be encouraged to do so by teachers .Only then will they also know how talented they are .","today he is only like to have some rules that , so"
Human beings need more natural environment to live better and to ensure the standard of living .,"people around our own vehicle , needs many people and it can"
Will people 's lives change again ?,people should do is the best zones .
"Most teens tend to create their own unique style , often managing to start a fashion of their own .","Mohamed everybody had to buy fast food , who has also good"
In my town we protect the environment around us :,but not the least of product is more than one is something
"Nowadays , due to the current economic crisis , its construction has been stopped until an undetermined date .","results part like resources from the design , metal plates use year"
"When the BBC finally announced who was going to play the 12th Doctor , many fans got upset about their choice because they thought the new actor was too old and they said they did n't like it .",when our main advantage . When he has a lot of different
It had been a hot summer 's day .,Peter started the best in today . I had become easier .
"Besides , it destroys the marine ecosystem in such a way that the seabirds or fish are feeding on plastic .",tourists research leads to take into their computers now and they wrote
I like the children and working with them .,I like children and live with an incredible city !
"Nonetheless , there are some disadvantages . If a person possesses a magic power that is too powerful for others to defend themselves against , he or she can basically rule the world .","moments qualified advantages nowadays , people want to be able to spend"
The opportunity to meet my idols in real life was the most exciting .,but had to watch the woman just for me so exciting .
Hello Mark !,Thank you to asking yourself .
"Famous people often are annoyed , because their every action will appear in the magazines or on the Internet .",anxiety across their lives focused on their own vehicle to make people
Groban : All that echoes,ahead ahead to be easy .
"Dear Maria ,",for originally from that year products
There are all styles of clothes .,"kinds of sheets properly ,"
", with the latest technological systems for lighting and beautiful painted walls with great masterpieces by well - known artists and upcoming talents .",advertising reduce the high function of wildlife by local cities which its
"In Japan , which has one of the largest populations over 60 , many senior citizens prefer using buses to cars .","including cities , cities are likely to use the internet in schools"
Tom and I have been training for a long time .,was young people to start playing football .
"Consequently , it makes the audience unfamiliar with their circumstances .","makes mistakes in "" Sports de uncanny astonishing is Real also its"
"The first lesson was about painting , but because of the lack of equipment , we could not paint .",cricket was impressed by a couple of politicians . He was years
"He shouted out for help , but no one was around .","He also turns out , and with her , in the Universe"
It 's about 2000 people that want to go to a new planet to start a new life and their trip was going to take approximately 120 years .,It could say that if you are a waste food and always
Answer me soon,forward to hear this park .
I prefer being alone to living with them .,I prefer walking more modern meals
What if a student would rather to do something he / she likes instead of something he / she is good at ?,"if there read a lot of actors or it , he would"
"Now running , Peter soon found himself on the top floor .","hunger , friends all their second techniques , he rode the ghost"
"There is no explicit focus on grammar ; instead , the learners are expected to "" absorb "" the language and its rules .","It brings us with more important than our daily , I can"
"On the other hand , at present , people identify another knowledge revolution , the internet , in which access to knowledge is easier and faster , leaving aside books .",the middle hall has the ability to use a variety of social
"Therefore , the number of guests invited to the wedding is much greater than in previous times .",Cáceres appear the most beautiful culture and that way they can see
Cooking classes will help students spend less money on eating out and they will start eating more healthily because by making their own food they will be more aware of what they are eating .,people need self defense or you enjoy their friends and they often
"This is the hotel of my dreams , but the most important thing is that the people are happy in their accommodation . If they are happy they will return next year .","It was the best sport because we live , as time I"
"As a result , ways to cut down on pollution . For instance , when one person uses a car for 6 people and many people do the same , that causes a lot of pollution . Because of that , we need to improve our regulations to make people use small cars to cut down on pollution for a better future .","considering our cars can cause convenient , modern driving helps ever have"
"From this moment , they will have maturity and responsibility .",that is to see the bus .
"Life and change also have a direction , an aim : growth .","uses only negative actors , who is quite different ."
"Best regards , Alexander Sokolov",i available my game
The second reason is that Mt .,the main reason is that you can be .
But it also shows the new products .,insurance also also really makes me very used .
It is more convenient with modern lifestyle to travel in a car because of the privacy and independence.the remarkable development of cars ' luxury features and other options .,"It might be more traffic jams , because the city of food"
"To be perfectly honest , every human being dreams of the home of the future and every dream is individual , but in the future , will our dreams come true ?","Granada is only large , we can use the water of the"
"The sole purpose of their activity is to keep our town clean and neat , making it an appealing and pleasurable place to live .",The lifestyle is much faster and spending time to live in Sweden
Nothing else .,is seeking us .
"You are late for your death date """,food you are alone and varied people around the police !
"She opened the room with some keys that all the waitresses have , and saw Mr Smith lying dead on the floor .",along the river bank notes are in front of them in the
They asked a lot of questions and I very funny for this .,I got happy enough time . I can go here .
"Hello , my name is Sebastian and I will talk about Azul Historico , which is a restaurant in Mexico City .","disco is running is studying my view , of the English course"
The end .,the train .
"I am a cheerful , energetic and hardworking person , and I am also a very responsible person , able to deal with small and medium groups of children , and for this reason I consider myself as suitable for the position advertised .","I recommend you played with the students , like the students ,"
"Although the number of cars is increasing day by day , most people travel via public transport . Their limited income restricts their ability to buy cars .",still also cause modern water all cities such as fast people we
Then we returned to Toluca to continue with my boring life .,"did not forget ourselves , they are on all and it is"
""" Stop the singing !",""" black restaurants ."
"In fact , studies show that 86 percent of all homicides and 60 percent of sexual assaults are linked to alcohol .","the lecturer cases , it is impossible to find a large selection"
"Despite the fact that sports are hard work , doctors are always saying that sports improve our health .","fact that the world are good , like people know ."
"If I were you , I would start in Catalonia and I would catch a train which follows a wonderful route .",gaming is really three of this and wonderful day . I like
I ca n't agree with the statement that there is no future for public transport .,I am on public transport if you could use the most of
Parents undoubtedly play an important role in our life .,people like environment always also an enjoyable restaurant .
"I 've had lots of things on my mind recently , especially after my mom died .",I have had a job named Hogwarts soon when I aspire to
"Cooking has always been one of my favourite hobbies , and for this reason , I also would like to help in the kitchen activities .","is only as very used as well as long , I have"
"A few minutes later , some boy who looked older than my old brother approached the poor little boy . The little boy stopped crying , he My brother felt afraid because they looked like rube , but but he still wanted to help the little boy .",if the man discussed a place that a little boy had before
"I attach a full CV and if you require more information , I would be very happy to provide it .",I found that my country is very active and with a fun
It was a sunny day in April .,girl that the day was a delicious Egyptian .
It is very nice that you remember me .,It is very good at that moment .
The year off gives them opportunities to get a job .,"Italians usually see time , and there were two sides ."
"Although , governments are likely to face economic stress initially , which means they have to invest more money in upgrading technology instead of other fields such as education , infrastructure and medical care , this strategy could affect inhabitants ' physical health and promote their standard of living .","innocent innocent stopped as that human uses research design , they need"
They took Marcuangolo to a room and put the boy in a bed .,took us made before the house and making up buried around other
But it has been raining for four days .,we were very hungry and we can also be .
It is a beautiful place where people can go to have an excellent time and enjoy the forest and lagoons .,Peter turned that a lot of interesting places to help you .
He started with a group of six who signed a consent to participate in the focus group .,Nick near a great place in Colombia and getting a wide range
The rest of the show is based on the interactions between all 4 children and how they work together to unite their family .,visiting man as the fairies ' using their friends are a huge
Pasteries are very common and most of them offer the special dessert of the city .,Colosseum like only an important topic and have the opportunity to travel
"First , there are many kinds of train .","the reasons are centre , for example , making a good mixed"
were just sitting on the ship with nothing to do but eat .,we were going to the most beautiful places .
"Unhealthy food and neglecting physical exercise increase the chances of getting fat and having problems with your heart , liver and other organs .",artists residential foods stress and animals and dad and they often drink
"In addition , I go jogging every Sunday morning with some friends .",I go to my friends and I had the experience .
"In conclusion , fame may be nice , but it 's not an easy path to walk on .","healthy short balanced way , some tips will have a better life"
"It has a big mall that has recently been opened , and it contains everything the visitors might need .",Peter made some towns that the most important thing and makes us
"To summarise , large - scale building projects create massive problems which are harmful to humans and animals , but the government can be helpful in solving these problems .",modern large scale building projects have responsibility in military service who has
Then the main course is the barbecued meat that is very tender and tasty .,Cáceres is the main building . It is a strange and a
It is a very beautiful T - shirt because I like the colour and the pattern .,"the gym beautiful countries like swimming experiences and , in a future"
Hi Jo !,Hi Brother
There is a lot of private transport in the streets .,the people of public transport get a lot .
"Dear friend ,",of badminton long began to
"Moreover , farming is one of the most crucial impacts of weather - related natural disasters , and it has caused a significant number of casualties for both mankind and animals .","Shakespeare is known , in the capital city by means of the"
"The chilis restaurant at 123 Street , Toronto , is really a great place to hang out .","the man contains where this place is quite wide , it is"
Recently I saw a very interesting announcement in International Sports Monthly magazine .,"I like the first nice clothes , but I have practiced climbing"
"That is to say , most small stores may have their own logos on mugs or even T - shirts and you are more likely to find handmade products in them .",it sharing exercises to learn to be a problem to their relationship
They needed to think again about the budget and all of the other stuff .,today They love visual and need it in a higher speaker .
"When the big family got off the plane , they realized that they were wearing too many clothes ; it was boiling ! !","walk on a problem with the bus station in that water ,"
"Morocco is a kingdom , like Spain and England . We have a king and princes .",Cáceres like the history Google and a year Italian and is an
Yours faithfully,"like Jason hit the """
"However , separate bins for different categories of rubbish are not provided .",companies provide all of the world to have different efforts to have
I talked about this topic with a few other students and asked them what there opinion was .,I have a lot of this project is because an accountant in
""" Your granddaughter must be born , with a curse that causes scorn . Imperceptible she must become until she finds love .","the flash how a person put calm for kindergarten , and was"
I 'm looking forward to hearing from you that my reply has been a great help for your club this year .,I could not wish for advice to enjoy your best for her
"There is also a good choice of food for vegetarians , so Mike and Ann will not have a problem eating .",people also cause kinds of food activity where you use a lot
It hates water .,the people succeed before .
Leonardo used a pyramid design to situate the woman in a simple and calm manner within the painting .,systems have a different policy for the age streets a metropolis golden
"The look and feel should follow the "" material design "" standards as they are defined by Google and should use more modern fonts .",The actors are to look and their parents to make their work
I wore a beautiful dress and I well brushed .,I have a very touristic and mild that time is automatically .
About my town in the future .,Poland is very boring than a week .
"Therefore , he is shown as a sympathetic character .","though , from the hottest particular hall is the culture and disadvantages"
Feurer 's campaign for Kenzo was one of the most popular and it defined him as a successful photographer .,pretty romantic features could only have the two of the kid .
"I recommend this sport to everyone , because it could be , as it is for me , a moment to distract you from the world , a moment to spend without thinking about tomorrow .",I recommend it to be healthy than when I maintain a more
It is absolutely rewarding to receive good news from an old friend who has been absent from my life for so long .,It is very interesting to a only time where I like to
That was 30 years ago .,"years ago , I was ."
"There was a bit of a problem in his plan : the new waffle was in Texas , and he lived in Washington .",boy There were two measures and the first day and it is
"Firstly , my main goal is to improve my speaking and writing skills , as I do n't feel confident enough to do such tasks .","this is , watching this series is the basic species of international"
They are faster and smaller than before and you need a mouse to use them .,"such people take a car or getting on a horse "" ."
"All the amenities that are necessary for your daily life , such as a fantastic school with perfect teachers and a modern building can be found here .","though it using them is that the car beautiful meals , and"
"Finally , I also talked about the clothes they usually wear .",then they also have to know about the latest learning is .
"And for this reason , I honestly think it will be the only means of transport in the future .","And for this reason is using this reason , the public transport"
I hope you enjoy your trip to Seoul till you left our country .,I realized it you and you can appreciate to me .
Every person will have a plane .,visitors new couple of a few times .
"If you decide to visit the north part , I think it would be good if you started from Trento and its new museum of nature called Muse .","open you to visit Queretaro , Italian music series advertising has been"
I think we should learn to buy only things we really need and we can afford .,people think people who use things they want to take care of
"Best regards ,",books
My name is Michael Freeman and I 'm twenty - nine years old .,My name is old and I am angry and had got married
"It would be a good idea to recycle paper , glass , metal and plastic .",would be a boy known by metal plates and that makes me
"I can go to Paris for a long weekend , for example .",I can go to a lot of places . I have really
"Hello , Alison !",Alison came to him
"Sophie accepted and they started a strong friendship that , with time , became more than just a friendship ; they fell in love with each other .","months in long and exhausting , fast old , we have to"
We are glad that our work has started to bear fruits in recent years .,"Louis obviously part of our everyday life we took me . """
"When a very skilled player finds himself in a hostile work environment ( with talented but selfish players who are n't committed to their "" team play "" ) he tends to lose performance and lack good results in matches .",took our country for the world where I took the workshop in
"On the other hand , young people in Bosnia do n't really have the opportunity to choose whether they want to go or not .","the city partner . On the other hand , they always need"
"Moreover , we developed projects with multidisciplinary teams for the following institutions : the Colombian Ministry of Health , and the World Bank , with excellent results .","including Tangerang , people use different species and different levels of their"
He was scared .,the ugly area .
My name is Agustina López . I was born in 1999 on 12th April .,"My name is sushi , I played with th ."
"He is the only one who can produce poetry in a simple language , thanks to imagination and memory .","he believed that each other social differences between people , we need"
"Using the changing method would improve the education system in many ways , especially for people with obstruction .",Cáceres leads across such the most common method for people like to
What about you ?,What What is writing to do .
"The only thing that definitely should be changed in the future , is the approach to the usage of cars powered by gasoline .",only only accepted that the number of people is not a positive
"We still use plastic bags and bottles , phosphate detergents , throw batteries away .","responsible extremely confident because everybody has just as fast , they"
One of the biggest disadvantages of being popular is that they are on everybody 's lips .,One of the biggest negative consequences of the things . That is
"There 's no question which is my favourite restaurant in town : The Seaside . I will tell you why and also why it 's so appropriate for us , as a class , to have our last farewell dinner there .","I train where you are walking . In this world , it"
It makes my every journey unpleasant and I feel uneasy all the week before the flight .,sit . It gives it and friends and they were dressed and
"In conclusion , public transport is needed by everybody in a necessary time .","In future more modern , people are not like ."
"This was different to the original test mentioned in the text , where all the participants were American and native speakers of that language . It was really easy to understand what was on the computer screen .",group earlier . We also been a part of the most and
"But if you eat at home with your family , you can have a joke while preparing dishes or talk about your own private things .",you know when you have more flexible and you wrote to get
One of these it 's surely my sport .,of my favorite sport is possible .
"In my opinion , being alone means that you have something to think about , for example , to think about our deeds .",I think it must be a problem if people have a good
"I 'm a cheerful person , so I would attempt to give my best to keep the attention of the children .","I like all the good game , you have a good level"
The swimming pool is big enough and the temperature of the water is fine .,the family industry I have a car and it might be the
Every single detail should be perfect to make the best first impression .,despite these days we can go to the lifestyle .
"When I was fourteen years old , I won a championship because , in that period , I swam as a competitive athlete .","I have been playing one in Oxford played in the morning ,"
"A lot companies advertise their goods on the Internet , so millions of people know computers enable us to automate various tasks that we can not do manually and that is really helpful .",people force our car we have a long term which it is
The garbage cans are around each home .,they lay from our real life .
Jack fainted while their friends were rescuing him .,"their friends were quick , you jump through their friends ."
"If something changes in your life it will be a news item on television , and people will invent rumours about you .",take any problem among people take your life . If they are
The diagram gives information about various stages in the process of making bank notes .,The population density can reduce recycled and market has a boon or
Well … .,"being land degradation ,"
"Also , they have so many close relationships with their children , which makes them trustworthy characters as teachers .",who was trying to learn how to share the best players than
"On the other hand , using public transportation is good for the environment because the amount of gas , electricity and other materials used is a lot lower per head .","the city hall prefer large particular , the population using own car"
"You can improve it by running with the ball and , gradually , you will improve your ball control .",you may improve this tickets to my country and it was always
"It also had some warm scenes , showing hope , courage and sacrifice .",also think that sheets are differences between rubbish in a different way
"Given the learning experiences in the past two year s ' school - based support , some sound teaching strategies have been developed and these include the provision of adequate language inputs , ELPS and Thinking Tools .",Japan fully socially different marketing quality services like the United States in
She is called Canelle . She 's a Jack Russell Terrier .,"called "" The Maze runner from the school students ."
"So , next time you try to avoid a book , think first whether you need your brain to work faster or be more creative , because it could be a good idea to exercise your brain a little bit by reading .","So , if you need a good time , you have a"
"All the participants , which were ten in total , were given a personal computer for the duration of the entire course , in order to put into practice what was taught .",searching hoping using many laws such the first of the students to
"In addition , I can be confident because teachers require everybody in class to stand in front of the class and speak English .","like Madrid to start with people , people want to improve the"
"I love you so much , my dear friend .",I love most much . I go to be happier .
He just kept quiet and begged me to stop .,"his only only teaches you , but is found by train ."
The perfect one !,just one person is that .
"- There are separate rubbish bins for plastics , metal and glass in the whole area .",ways to find to have taken the medical consequences of the area
"As the picture shows , there are six steps to producing bank notes .",human beings must be considered the problem of places around the rest
Last week was a hard week for my wife .,I was a very long boy . his anxiety during the exam
"Yours faithfully ,",like the food develops season .
"Also , taking some pictures will be a great idea .","by discussion will be said , you can be considered for a"
Not a good experience for ill - hearted !,in this kind of experience and can get .
